Model Name,Dep Thresh,AND Thresh,Loop Thresh,Filtered Perfect Fit (%),Filtered Avg Fitness,Filtered Precision,Filtered Generalization,Complete Perfect Fit (%),Complete Avg Fitness,Complete Precision,Complete Generalization,Node Size,Arc Size,Cyclicity
heu_top100_dep_0.90_and_0.99_loop_0.30,0.9,0.99,0.3,23.4,0.9518741966331111,0.8529475956820411,0.9881703418445432,19.74,0.943750434727795,0.8566782709141392,0.9892329280758854,67,86,0.5522388059701493
heu_top100_dep_0.90_and_0.99_loop_0.65,0.9,0.99,0.65,23.4,0.9518741966331111,0.8529475956820411,0.9881703418445432,19.74,0.943750434727795,0.8566782709141392,0.9892329280758854,67,86,0.5522388059701493
heu_top100_dep_0.90_and_0.99_loop_0.90,0.9,0.99,0.9,23.4,0.9518741966331111,0.8529475956820411,0.9881703418445432,19.74,0.943750434727795,0.8566782709141392,0.9892329280758854,67,86,0.5522388059701493
heu_top100_dep_0.90_and_0.99_loop_0.99,0.9,0.99,0.99,23.4,0.9518741966331111,0.8529475956820411,0.9881703418445432,19.74,0.943750434727795,0.8566782709141392,0.9892329280758854,67,86,0.5522388059701493
heu_top100_dep_0.99_and_0.99_loop_0.30,0.99,0.99,0.3,23.23,0.9506245380957086,0.8435869574233363,0.9883949967820763,19.58,0.9422084555670327,0.847527518672385,0.9894505983459987,64,82,0.53125
heu_top100_dep_0.99_and_0.99_loop_0.65,0.99,0.99,0.65,23.23,0.9506245380957086,0.8435869574233363,0.9883949967820763,19.58,0.9422084555670327,0.847527518672385,0.9894505983459987,64,82,0.53125
heu_top100_dep_0.99_and_0.99_loop_0.90,0.99,0.99,0.9,23.23,0.9506245380957086,0.8435869574233363,0.9883949967820763,19.58,0.9422084555670327,0.847527518672385,0.9894505983459987,64,82,0.53125
heu_top100_dep_0.99_and_0.99_loop_0.99,0.99,0.99,0.99,23.23,0.9506245380957086,0.8435869574233363,0.9883949967820763,19.58,0.9422084555670327,0.847527518672385,0.9894505983459987,64,82,0.53125
heu_top100_dep_0.65_and_0.99_loop_0.30,0.65,0.99,0.3,20.76,0.9452704263560999,0.8565101697619445,0.9637485932854736,17.48,0.937673027057988,0.8596210886271434,0.9647992611701468,66,84,0.5454545454545454
heu_top100_dep_0.65_and_0.99_loop_0.65,0.65,0.99,0.65,20.76,0.9452704263560999,0.8565101697619445,0.9637485932854736,17.48,0.937673027057988,0.8596210886271434,0.9647992611701468,66,84,0.5454545454545454
heu_top100_dep_0.65_and_0.99_loop_0.90,0.65,0.99,0.9,20.76,0.9452704263560999,0.8565101697619445,0.9637485932854736,17.48,0.937673027057988,0.8596210886271434,0.9647992611701468,66,84,0.5454545454545454
heu_top100_dep_0.65_and_0.99_loop_0.99,0.65,0.99,0.99,20.76,0.9452704263560999,0.8565101697619445,0.9637485932854736,17.48,0.937673027057988,0.8596210886271434,0.9647992611701468,66,84,0.5454545454545454
heu_top100_dep_0.30_and_0.99_loop_0.30,0.3,0.99,0.3,19.68,0.9393256308913874,0.8534779851145446,0.9632148509370827,16.59,0.932205795733513,0.8563405455353517,0.9642708880213969,65,82,0.5384615384615384
heu_top100_dep_0.30_and_0.99_loop_0.65,0.3,0.99,0.65,19.68,0.9393256308913874,0.8534779851145446,0.9632148509370827,16.59,0.932205795733513,0.8563405455353517,0.9642708880213969,65,82,0.5384615384615384
heu_top100_dep_0.30_and_0.99_loop_0.90,0.3,0.99,0.9,19.68,0.9393256308913874,0.8534779851145446,0.9632148509370827,16.59,0.932205795733513,0.8563405455353517,0.9642708880213969,65,82,0.5384615384615384
heu_top100_dep_0.30_and_0.99_loop_0.99,0.3,0.99,0.99,19.68,0.9393256308913874,0.8534779851145446,0.9632148509370827,16.59,0.932205795733513,0.8563405455353517,0.9642708880213969,65,82,0.5384615384615384
heu_top100_dep_0.90_and_0.90_loop_0.30,0.9,0.9,0.3,0.17,0.9137771738186624,0.9987642201305076,0.9882025038611778,0.16,0.9062022597358392,0.9985285196132846,0.9892868465403041,65,84,0.5384615384615384
heu_top100_dep_0.90_and_0.90_loop_0.65,0.9,0.9,0.65,0.17,0.9137771738186624,0.9987642201305076,0.9882025038611778,0.16,0.9062022597358392,0.9985285196132846,0.9892868465403041,65,84,0.5384615384615384
heu_top100_dep_0.90_and_0.90_loop_0.90,0.9,0.9,0.9,0.17,0.9137771738186624,0.9987642201305076,0.9882025038611778,0.16,0.9062022597358392,0.9985285196132846,0.9892868465403041,65,84,0.5384615384615384
heu_top100_dep_0.90_and_0.90_loop_0.99,0.9,0.9,0.99,0.17,0.9137771738186624,0.9987642201305076,0.9882025038611778,0.16,0.9062022597358392,0.9985285196132846,0.9892868465403041,65,84,0.5384615384615384
heu_top100_dep_0.99_and_0.90_loop_0.30,0.99,0.9,0.3,0.0,0.9137337062762987,0.9982799143896323,0.9885357764790638,0.0,0.9060782345132005,0.9980989569953245,0.9896032155715244,64,82,0.53125
heu_top100_dep_0.99_and_0.90_loop_0.65,0.99,0.9,0.65,0.0,0.9137337062762987,0.9982799143896323,0.9885357764790638,0.0,0.9060782345132005,0.9980989569953245,0.9896032155715244,64,82,0.53125
heu_top100_dep_0.99_and_0.90_loop_0.90,0.99,0.9,0.9,0.0,0.9137337062762987,0.9982799143896323,0.9885357764790638,0.0,0.9060782345132005,0.9980989569953245,0.9896032155715244,64,82,0.53125
heu_top100_dep_0.99_and_0.90_loop_0.99,0.99,0.9,0.99,0.0,0.9137337062762987,0.9982799143896323,0.9885357764790638,0.0,0.9060782345132005,0.9980989569953245,0.9896032155715244,64,82,0.53125
heu_top100_dep_0.65_and_0.90_loop_0.30,0.65,0.9,0.3,0.17,0.9116669150467425,0.998900194924802,0.9883137036966335,0.16,0.9041694925333519,0.9985990996880661,0.9894066541145726,64,82,0.53125
heu_top100_dep_0.65_and_0.90_loop_0.65,0.65,0.9,0.65,0.17,0.9116669150467425,0.998900194924802,0.9883137036966335,0.16,0.9041694925333519,0.9985990996880661,0.9894066541145726,64,82,0.53125
heu_top100_dep_0.65_and_0.90_loop_0.90,0.65,0.9,0.9,0.17,0.9116669150467425,0.998900194924802,0.9883137036966335,0.16,0.9041694925333519,0.9985990996880661,0.9894066541145726,64,82,0.53125
heu_top100_dep_0.65_and_0.90_loop_0.99,0.65,0.9,0.99,0.17,0.9116669150467425,0.998900194924802,0.9883137036966335,0.16,0.9041694925333519,0.9985990996880661,0.9894066541145726,64,82,0.53125
heu_top100_dep_0.30_and_0.90_loop_0.30,0.3,0.9,0.3,0.16,0.9054631504845125,0.9992930838545722,0.9884150323134961,0.16,0.8984653093632693,0.9990652248695054,0.9895147849292533,63,80,0.5238095238095238
heu_top100_dep_0.30_and_0.90_loop_0.65,0.3,0.9,0.65,0.16,0.9054631504845125,0.9992930838545722,0.9884150323134961,0.16,0.8984653093632693,0.9990652248695054,0.9895147849292533,63,80,0.5238095238095238
heu_top100_dep_0.30_and_0.90_loop_0.90,0.3,0.9,0.9,0.16,0.9054631504845125,0.9992930838545722,0.9884150323134961,0.16,0.8984653093632693,0.9990652248695054,0.9895147849292533,63,80,0.5238095238095238
heu_top100_dep_0.30_and_0.90_loop_0.99,0.3,0.9,0.99,0.16,0.9054631504845125,0.9992930838545722,0.9884150323134961,0.16,0.8984653093632693,0.9990652248695054,0.9895147849292533,63,80,0.5238095238095238
heu_top100_dep_0.90_and_0.40_loop_0.30,0.9,0.4,0.3,0.0,0.8605836004373102,0.999614275081627,0.9889612955824102,0.0,0.8530005568447998,0.9996599155303709,0.990114957461979,63,83,0.5714285714285714
heu_top100_dep_0.90_and_0.40_loop_0.65,0.9,0.4,0.65,0.0,0.8605836004373102,0.999614275081627,0.9889612955824102,0.0,0.8530005568447998,0.9996599155303709,0.990114957461979,63,83,0.5714285714285714
heu_top100_dep_0.90_and_0.40_loop_0.90,0.9,0.4,0.9,0.0,0.8605836004373102,0.999614275081627,0.9889612955824102,0.0,0.8530005568447998,0.9996599155303709,0.990114957461979,63,83,0.5714285714285714
heu_top100_dep_0.90_and_0.40_loop_0.99,0.9,0.4,0.99,0.0,0.8605836004373102,0.999614275081627,0.9889612955824102,0.0,0.8530005568447998,0.9996599155303709,0.990114957461979,63,83,0.5714285714285714
heu_top100_dep_0.99_and_0.40_loop_0.30,0.99,0.4,0.3,0.0,0.8604228646358063,0.9992272447930294,0.9893560941471425,0.0,0.8527679935156205,0.9992032609757225,0.990492902582804,62,81,0.5645161290322581
heu_top100_dep_0.99_and_0.40_loop_0.65,0.99,0.4,0.65,0.0,0.8604228646358063,0.9992272447930294,0.9893560941471425,0.0,0.8527679935156205,0.9992032609757225,0.990492902582804,62,81,0.5645161290322581
heu_top100_dep_0.99_and_0.40_loop_0.90,0.99,0.4,0.9,0.0,0.8604228646358063,0.9992272447930294,0.9893560941471425,0.0,0.8527679935156205,0.9992032609757225,0.990492902582804,62,81,0.5645161290322581
heu_top100_dep_0.99_and_0.40_loop_0.99,0.99,0.4,0.99,0.0,0.8604228646358063,0.9992272447930294,0.9893560941471425,0.0,0.8527679935156205,0.9992032609757225,0.990492902582804,62,81,0.5645161290322581
heu_top100_dep_0.65_and_0.40_loop_0.30,0.65,0.4,0.3,0.0,0.858291335985113,0.9998871076992549,0.9891078951550146,0.0,0.8508073344705259,0.999894279461671,0.9902732162485637,62,81,0.5645161290322581
heu_top100_dep_0.65_and_0.40_loop_0.65,0.65,0.4,0.65,0.0,0.858291335985113,0.9998871076992549,0.9891078951550146,0.0,0.8508073344705259,0.999894279461671,0.9902732162485637,62,81,0.5645161290322581
heu_top100_dep_0.65_and_0.40_loop_0.90,0.65,0.4,0.9,0.0,0.858291335985113,0.9998871076992549,0.9891078951550146,0.0,0.8508073344705259,0.999894279461671,0.9902732162485637,62,81,0.5645161290322581
heu_top100_dep_0.65_and_0.40_loop_0.99,0.65,0.4,0.99,0.0,0.858291335985113,0.9998871076992549,0.9891078951550146,0.0,0.8508073344705259,0.999894279461671,0.9902732162485637,62,81,0.5645161290322581
heu_top100_dep_0.30_and_0.40_loop_0.30,0.3,0.4,0.3,0.0,0.8531186923163459,0.9998871076992549,0.9892926066249434,0.0,0.846407114848554,0.999894279461671,0.9904641262561908,62,80,0.5483870967741935
heu_top100_dep_0.30_and_0.40_loop_0.65,0.3,0.4,0.65,0.0,0.8531186923163459,0.9998871076992549,0.9892926066249434,0.0,0.846407114848554,0.999894279461671,0.9904641262561908,62,80,0.5483870967741935
heu_top100_dep_0.30_and_0.40_loop_0.90,0.3,0.4,0.9,0.0,0.8531186923163459,0.9998871076992549,0.9892926066249434,0.0,0.846407114848554,0.999894279461671,0.9904641262561908,62,80,0.5483870967741935
heu_top100_dep_0.30_and_0.40_loop_0.99,0.3,0.4,0.99,0.0,0.8531186923163459,0.9998871076992549,0.9892926066249434,0.0,0.846407114848554,0.999894279461671,0.9904641262561908,62,80,0.5483870967741935
heu_top100_dep_0.90_and_0.65_loop_0.65,0.9,0.65,0.65,0.0,0.845825164060996,0.9993846855059253,0.9354658662894321,0.0,0.8388210122885295,0.9993756444578986,0.9365629099359956,64,85,0.59375
heu_top100_dep_0.90_and_0.65_loop_0.99,0.9,0.65,0.99,0.0,0.845825164060996,0.9993846855059253,0.9354658662894321,0.0,0.8388210122885295,0.9993756444578986,0.9365629099359956,64,85,0.59375
heu_top100_dep_0.99_and_0.65_loop_0.30,0.99,0.65,0.3,0.0,0.8456159569247907,0.9997399680869925,0.934352747453541,0.0,0.8385372155426614,0.9996560872555763,0.9354323012299419,63,83,0.5873015873015873
heu_top100_dep_0.99_and_0.65_loop_0.99,0.99,0.65,0.99,0.0,0.8456159569247907,0.9997399680869925,0.934352747453541,0.0,0.8385372155426614,0.9996560872555763,0.9354323012299419,63,83,0.5873015873015873
heu_top100_dep_0.90_and_0.65_loop_0.30,0.9,0.65,0.3,0.0,0.8450020994445886,0.9993846855059253,0.9620265660463653,0.0,0.8380999319799354,0.9993756444578986,0.9631472639725565,64,85,0.59375
heu_top100_dep_0.90_and_0.65_loop_0.90,0.9,0.65,0.9,0.0,0.8450020994445886,0.9993846855059253,0.9620265660463653,0.0,0.8380999319799354,0.9993756444578986,0.9631472639725565,64,85,0.59375
heu_top100_dep_0.99_and_0.65_loop_0.65,0.99,0.65,0.65,0.0,0.8447909283621484,0.9997399680869925,0.9616512444259446,0.0,0.8378145181761268,0.9996560872555763,0.9627551095452961,63,83,0.5873015873015873
heu_top100_dep_0.99_and_0.65_loop_0.90,0.99,0.65,0.9,0.0,0.8447909283621484,0.9997399680869925,0.9616512444259446,0.0,0.8378145181761268,0.9996560872555763,0.9627551095452961,63,83,0.5873015873015873
heu_top100_dep_0.65_and_0.65_loop_0.65,0.65,0.65,0.65,0.0,0.8432560710973261,0.9997378268226994,0.9341183372943092,0.0,0.836373815440514,0.9996831055654585,0.9352248196920484,63,83,0.5873015873015873
heu_top100_dep_0.65_and_0.65_loop_0.99,0.65,0.65,0.99,0.0,0.8432560710973261,0.9997378268226994,0.9341183372943092,0.0,0.836373815440514,0.9996831055654585,0.9352248196920484,63,83,0.5873015873015873
heu_top100_dep_0.65_and_0.65_loop_0.30,0.65,0.65,0.3,0.0,0.8424292231275919,0.9997378268226994,0.9614168342667126,0.0,0.8356497949379964,0.9996831055654585,0.9625476280074026,63,83,0.5873015873015873
heu_top100_dep_0.65_and_0.65_loop_0.90,0.65,0.65,0.9,0.0,0.8424292231275919,0.9997378268226994,0.9614168342667126,0.0,0.8356497949379964,0.9996831055654585,0.9625476280074026,63,83,0.5873015873015873
heu_top100_dep_0.30_and_0.65_loop_0.30,0.3,0.65,0.3,0.0,0.83903817930041,0.9997378268226994,0.9326968114573891,0.0,0.8324981199577238,0.9996930054763862,0.9338131147187425,62,81,0.5806451612903226
heu_top100_dep_0.30_and_0.65_loop_0.65,0.3,0.65,0.65,0.0,0.83903817930041,0.9997378268226994,0.9326968114573891,0.0,0.8324981199577238,0.9996930054763862,0.9338131147187425,62,81,0.5806451612903226
heu_top100_dep_0.30_and_0.65_loop_0.90,0.3,0.65,0.9,0.0,0.83903817930041,0.9997378268226994,0.9326968114573891,0.0,0.8324981199577238,0.9996930054763862,0.9338131147187425,62,81,0.5806451612903226
heu_top100_dep_0.30_and_0.65_loop_0.99,0.3,0.65,0.99,0.0,0.8382091982096475,0.9997378268226994,0.9607752654861471,0.0,0.8317724654045897,0.9996930054763862,0.9619165747002497,62,81,0.5806451612903226
